{
  "sensorsData": [
    {
      "sensorId": 1,
      "temperature": 14,
      "humidity": 7,
      "date": "2021-07-04",
      "id": 1
    },
    {
      "sensorId": 1,
      "temperature": 15,
      "humidity": 50,
      "date": "2022-09-12",
      "id": 2
    },
    {
      "sensorId": 3,
      "temperature": 16.6,
      "humidity": 47,
      "date": "2022-04-03",
      "id": 3
    },
    {
      "sensorId": 1,
      "temperature": 17.5,
      "humidity": 86,
      "date": "2022-09-16",
      "id": 4
    },
    {
      "sensorId": 1,
      "temperature": 21,
      "humidity": 40,
      "date": "2022-08-04",
      "id": 5
    },
    {
      "sensorId": 1,
      "temperature": 25,
      "humidity": 53,
      "date": "2022-01-06",
      "id": 6
    },
    {
      "sensorId": 3,
      "temperature": 12,
      "humidity": 84,
      "date": "2022-02-29",
      "id": 7
    },
    {
      "sensorId": 2,
      "temperature": 19,
      "humidity": 41,
      "date": "2022-06-02",
      "id": 8
    },
    {
      "sensorId": 3,
      "temperature": 5,
      "humidity": 47,
      "date": "2022-03-17",
      "id": 9
    },
    {
      "sensorId": 2,
      "temperature": 16,
      "humidity": 44,
      "date": "2022-12-15",
      "id": 10
    },
    {
      "sensorId": 2,
      "temperature": 22,
      "humidity": 33,
      "date": "2022-11-18",
      "id": 11
    },
    {
      "sensorId": 2,
      "temperature": 23,
      "humidity": 32,
      "date": "2022-12-16",
      "id": 12
    },
    {
      "sensorId": 1,
      "temperature": 28,
      "humidity": 33,
      "date": "2022-05-23",
      "id": 13
    },
    {
      "sensorId": 1,
      "temperature": 14,
      "humidity": 66,
      "date": "2022-08-04",
      "id": 14
    },
    {
      "sensorId": 1,
      "temperature": 19,
      "humidity": 50,
      "date": "2022-08-04",
      "id": 15
    },
    {
      "sensorId": 1,
      "temperature": 6,
      "humidity": 56,
      "date": "2022-08-11",
      "id": 16
    },
    {
      "sensorId": 1,
      "temperature": 16,
      "humidity": 41,
      "date": "2022-06-02",
      "id": 17
    },
    {
      "sensorId": 3,
      "temperature": 18,
      "humidity": 47,
      "date": "2022-08-17",
      "id": 18
    },
    {
      "sensorId": 2,
      "temperature": 19,
      "humidity": 43,
      "date": "2022-06-15",
      "id": 19
    },
    {
      "sensorId": 2,
      "temperature": 20,
      "humidity": 45,
      "date": "2022-03-18",
      "id": 20
    },
    {
      "sensorId": 2,
      "temperature": 21,
      "humidity": 76,
      "date": "2022-08-16",
      "id": 21
    },
    {
      "sensorId": 3,
      "temperature": 22,
      "humidity": 35,
      "date": "2022-06-22",
      "id": 22
    },
    {
      "sensorId": 1,
      "temperature": 23,
      "humidity": 76,
      "date": "2022-08-04",
      "id": 23
    },
    {
      "sensorId": 1,
      "temperature": 24,
      "humidity": 84,
      "date": "2022-08-04",
      "id": 24
    },
    {
      "sensorId": 1,
      "temperature": 25,
      "humidity": 45,
      "date": "2022-08-11",
      "id": 25
    },
    {
      "sensorId": 1,
      "temperature": 26,
      "humidity": 34,
      "date": "2022-08-05",
      "id": 26
    },
    {
      "sensorId": 2,
      "temperature": 27,
      "humidity": 45,
      "date": "2022-08-10",
      "id": 27
    }
  ],
  "sensors": [
    {
      "id": 1,
      "name": "Sensor1",
      "location": "Vienna 21010",
      "active": 1,
      "position": 1
    },
    {
      "id": 2,
      "name": "Sensor2",
      "location": "Vienna 21010",
      "active": 1,
      "position": 1
    },
    {
      "id": 3,
      "name": "Sensor3",
      "location": "Vienna 21010",
      "active": 1,
      "position": 2
    }
  ]
}